City_ID,City,Lat,Lng,Max Temp,Humidity,Cloudiness,Wind Speed,Country,Date
0,floro,61.5996,5.0328,278.19,87,75,13.89,NO,1705824582
1,longyearbyen,78.2186,15.6401,257.06,72,75,3.6,SJ,1705824583
2,bilibino,68.0546,166.4372,251.89,95,100,1.37,RU,1705824583
3,waitangi,-43.9535,-176.5597,292.49,94,100,1.79,NZ,1705824584
4,albany,42.6001,-73.9662,262.97,74,33,2.24,US,1705824584
5,bethel,41.3712,-73.414,265.38,70,0,2.06,US,1705824526
6,adamstown,-25.066,-130.1015,297.58,85,71,5.55,PN,1705824585
7,copiapo,-27.3667,-70.3333,291.94,72,5,0.38,CL,1705824585
8,afaahiti,-17.75,-149.2833,295.08,86,100,3.89,PF,1705824586
9,aswan,24.0934,32.907,296.71,20,13,2.7,EG,1705824586
10,jamestown,42.097,-79.2353,267.92,86,100,6.17,US,1705824553
11,puerto natales,-51.7236,-72.4875,282.83,83,100,3.25,CL,1705824587
12,edinburgh of the seven seas,-37.0676,-12.3116,289.89,77,13,4.27,SH,1705824587
13,adrar,20.5022,-10.0711,292.32,13,26,4.27,MR,1705824118
14,howard springs,-12.497,131.047,304.81,82,67,6.83,AU,1705824588
15,geraldton,-28.7667,114.6,300.38,61,6,10.29,AU,1705824588
16,pacific grove,36.6177,-121.9166,285.38,92,100,2.06,US,1705824562
17,papao,-17.75,-149.55,295.97,72,100,2.72,PF,1705824589
18,tazacorte,28.629,-17.9293,291.69,70,40,6.17,ES,1705824590
19,port mathurin,-19.6833,63.4167,301.06,78,13,3.54,MU,1705824590
20,enewetak,11.3474,162.3373,299.59,76,100,11.49,MH,1705824591
21,luderitz,-26.6481,15.1594,294.78,72,10,3.72,NA,1705824591
22,georgiyevka,43.0369,74.7114,265.17,62,91,0.0,KZ,1705824592
23,haiku-pauwela,20.9219,-156.3051,297.06,88,40,1.54,US,1705824592
24,angaur state,6.906,134.13,301.33,78,48,9.79,PW,1705824593
25,blackmans bay,-43.0167,147.3167,288.22,88,100,6.94,AU,1705824593
26,olonkinbyen,70.9221,-8.7187,273.71,96,100,6.18,SJ,1705824593
27,conceicao da barra,-18.5933,-39.7322,297.04,98,100,1.15,BR,1705824594
28,mount isa,-20.7333,139.5,305.02,66,40,3.6,AU,1705824594
29,new norfolk,-42.7826,147.0587,288.87,71,100,1.73,AU,1705824595
30,howrah,22.5892,88.3103,293.15,68,75,0.0,IN,1705824595
31,isafjordur,66.0755,-23.124,267.33,88,100,5.35,IS,1705824596
32,bredasdorp,-34.5322,20.0403,299.2,52,15,4.38,ZA,1705824596
33,coahuayana de hidalgo,18.7,-103.6583,296.15,86,100,1.25,MX,1705824596
34,udachny,66.4167,112.4,259.51,84,100,7.04,RU,1705824597
35,paulden,34.8856,-112.4682,282.25,60,100,1.34,US,1705824597
36,susuman,62.7833,148.1667,241.91,100,94,1.45,RU,1705824597
37,gorgan,36.8387,54.4348,286.13,82,100,0.0,IR,1705824598
38,weno,7.4515,151.8468,302.12,70,100,6.17,FM,1705824598
39,port-aux-francais,-49.35,70.2167,280.23,83,75,9.01,TF,1705824547
40,vilyuchinsk,52.9306,158.4028,267.55,77,33,2.75,RU,1705824599
41,nemuro,43.3236,145.575,270.36,64,100,6.83,JP,1705824599
42,muisne,0.6,-80.0333,297.97,93,97,0.26,EC,1705824110
43,magadan,59.5667,150.8,251.22,100,100,3.3,RU,1705824065
44,west island,-12.1568,96.8225,303.14,79,40,4.63,CC,1705824600
45,nanao,37.05,136.9667,283.3,88,100,3.01,JP,1705824600
46,itaituba,-4.2761,-55.9836,296.15,99,87,1.1,BR,1705824601
47,ostersund,63.1792,14.6357,268.4,86,20,10.29,SE,1705824496
48,twon-brass,4.3151,6.2418,301.5,73,27,1.95,NG,1705824601
49,papatowai,-46.5619,169.4708,288.24,82,100,4.89,NZ,1705824602
50,valparaiso,-33.0393,-71.6273,286.95,94,75,5.14,CL,1705824602
51,anadyr,64.75,177.4833,260.43,92,75,2.0,RU,1705824603
52,keningau,5.3378,116.1602,300.52,83,99,1.24,MY,1705824603
53,usogorsk,63.4106,48.6872,248.52,100,100,1.45,RU,1705824043
54,iqaluit,63.7506,-68.5145,262.0,62,100,4.63,CA,1705824604
55,thompson,55.7435,-97.8558,258.24,85,100,1.54,CA,1705824509
56,iskateley,67.6803,53.1512,256.49,97,59,5.36,RU,1705824604
57,grytviken,-54.2811,-36.5092,275.37,90,26,4.37,GS,1705824605
58,tiksi,71.6872,128.8694,242.23,92,100,4.54,RU,1705824605
59,vila velha,-20.3297,-40.2925,298.12,92,75,3.58,BR,1705824605
60,stanley,54.868,-1.6985,279.14,90,20,3.09,GB,1705824606
61,fukuecho,32.6881,128.8419,286.17,69,100,9.64,JP,1705824606
62,porto belo,-27.1578,-48.5531,297.64,94,95,4.75,BR,1705824606
63,kone,-21.0595,164.8658,300.91,78,100,1.77,NC,1705824607
64,port hedland,-20.3167,118.5667,305.18,66,75,6.17,AU,1705824607
65,fort st. john,56.2499,-120.8529,258.16,95,100,2.23,CA,1705824511
66,galle,6.0367,80.217,303.6,64,6,2.42,LK,1705824608
67,coracora,-15.0333,-73.7833,282.89,84,100,3.12,PE,1705824608
68,sao joao da barra,-21.6403,-41.0511,297.17,94,100,3.01,BR,1705824460
69,ushuaia,-54.8,-68.3,283.94,98,100,2.46,AR,1705824438
70,margaret river,-33.95,115.0667,295.54,68,2,6.7,AU,1705824609
71,avarua,-21.2078,-159.775,298.18,73,20,3.09,CK,1705824610
72,new haven,41.4001,-72.9329,264.51,67,0,7.72,US,1705824600
73,notodden,59.5594,9.2585,275.1,98,100,3.96,NO,1705824610
74,ancud,-41.8697,-73.8203,282.83,82,0,1.62,CL,1705824070
75,labytnangi,66.6572,66.4183,255.98,91,100,2.02,RU,1705824612
76,alice springs,-23.7,133.8833,308.9,35,40,4.92,AU,1705824612
77,tateyama,34.9833,139.8667,285.43,84,96,3.71,JP,1705824612
78,fray bentos,-33.1325,-58.2956,289.67,86,1,3.23,UY,1705824613
79,shenjiamen,29.9576,122.298,280.36,78,100,11.39,CN,1705824613
80,visby,57.6409,18.296,275.27,93,100,9.77,SE,1705824613
81,bel ombre,-4.6167,55.4167,301.64,67,82,5.97,SC,1705824614
82,berezovo,63.9381,65.0419,268.64,97,100,0.68,RU,1705824614
83,daru,-9.0763,143.2092,300.86,88,100,1.5,PG,1705824038
84,pinotepa nacional,16.3167,-98.0167,295.15,81,97,0.85,MX,1705824615
85,invercargill,-46.4,168.35,288.21,87,100,3.26,NZ,1705824615
86,guadalupe y calvo,26.1,-106.9667,281.05,33,99,0.26,MX,1705824616
87,knottsville,37.7717,-86.9042,259.25,95,5,0.59,US,1705824616
88,zheleznodorozhnyy,55.7503,38.0042,259.9,93,12,1.79,RU,1705824616
89,jayapura,-2.5333,140.7,300.81,91,100,3.03,ID,1705824617
90,sipalay,9.75,122.5,302.4,64,24,5.48,PH,1705824617
91,staryy oskol,51.2967,37.8417,262.39,95,93,0.89,RU,1705824617
92,san ignacio,17.1561,-89.0714,295.23,94,40,0.0,BZ,1705824618
93,nogliki,51.8333,143.1667,246.12,97,15,1.34,RU,1705824618
94,cidreira,-30.1811,-50.2056,294.81,82,57,5.59,BR,1705824619
95,port alfred,-33.5906,26.891,298.73,64,15,3.64,ZA,1705824619
96,puerto ayora,-0.7393,-90.3518,298.46,97,45,0.89,EC,1705824619
97,lihue,21.9789,-159.3672,296.73,88,100,2.57,US,1705824620
98,petropavlovsk-kamchatsky,53.0452,158.6483,266.73,62,46,2.68,RU,1705824620
99,porbandar,21.6422,69.6093,299.66,27,100,1.37,IN,1705824621
100,beloyarskiy,63.7119,66.6722,267.59,90,100,4.92,RU,1705824102
101,page,36.9147,-111.4558,279.03,84,100,3.13,US,1705824622
102,saint-pierre,-21.3393,55.4781,302.97,79,20,3.6,RE,1705824623
103,hermanus,-34.4187,19.2345,295.67,70,64,2.24,ZA,1705824621
104,qaqortoq,60.7167,-46.0333,255.64,62,0,3.54,GL,1705824611
105,kalmunai,7.4167,81.8167,301.22,71,51,5.33,LK,1705824105
106,wailua homesteads,22.0669,-159.378,296.39,88,100,2.57,US,1705824624
107,flying fish cove,-10.4217,105.6791,302.97,74,75,4.12,CX,1705824625
108,atafu village,-8.5421,-172.5159,302.74,73,55,5.96,TK,1705824625
109,nema,57.5067,50.5011,266.81,96,100,5.01,RU,1705824625
110,kisanga,-7.4362,37.7034,297.47,95,100,1.34,TZ,1705824626
111,linxia chengguanzhen,35.6003,103.2064,266.38,51,100,2.75,CN,1705824626
112,labrador city,52.9463,-66.9114,254.1,84,75,4.63,CA,1705824627
113,santa elena de uairen,4.6167,-61.1333,291.1,97,20,1.97,VE,1705824033
114,bowen,-20.0167,148.2333,303.15,72,19,8.25,AU,1705824612
115,codrington,-38.2667,141.9667,290.28,70,4,6.23,AU,1705824628
116,dalianwan,39.0286,121.695,262.17,62,75,8.0,CN,1705824628
117,richards bay,-28.783,32.0377,299.57,48,0,3.55,ZA,1705824628
118,ust-nera,64.5667,143.2,234.26,99,100,2.89,RU,1705824611
119,wildwood,38.5828,-90.6629,260.88,83,8,1.91,US,1705824629
120,mejit,10.2753,170.8646,299.69,80,67,9.21,MH,1705824630
121,klyuchi,52.2667,79.1667,260.6,83,5,1.63,RU,1705824630
122,hawaiian paradise park,19.5933,-154.9731,294.28,89,0,2.06,US,1705824631
123,kingston,17.997,-76.7936,295.51,90,2,0.45,JM,1705824481
124,tual,-5.6667,132.75,302.05,81,28,7.97,ID,1705824631
125,lompoc,34.6391,-120.4579,286.55,88,100,3.09,US,1705824404
126,chuguyevka,44.1653,133.8633,260.31,97,100,1.64,RU,1705824632
127,punta arenas,-53.15,-70.9167,285.21,76,75,7.72,CL,1705824632
128,sola,-13.8833,167.55,301.74,73,100,2.13,VU,1705824094
129,nuuk,64.1835,-51.7216,253.15,80,34,4.32,GL,1705824633
130,dudinka,69.4058,86.1778,259.64,94,100,8.94,RU,1705824633
131,loandjili,-4.7561,11.8578,300.84,76,41,2.47,CG,1705824634
132,sokoni,-6.4333,39.55,298.92,90,100,6.41,TZ,1705824634
133,metkovic,43.0542,17.6483,278.41,42,0,4.58,HR,1705824634
134,rio grande,-32.035,-52.0986,294.41,63,89,5.49,BR,1705824633
135,necochea,-38.5473,-58.7368,285.41,84,0,4.47,AR,1705824635
136,yaren,-0.5472,166.916,302.61,77,100,6.47,NR,1705824635
137,novomichurinsk,54.0384,39.7479,258.95,92,17,3.18,RU,1705824636
138,sarmiento,-45.5882,-69.07,289.17,41,8,1.41,AR,1705824636
139,cimin,39.7101,39.7021,277.19,93,100,0.0,TR,1705824636
140,kiama,-34.6833,150.8667,303.28,48,0,3.79,AU,1705824637
141,lodwar,3.1191,35.5973,304.44,38,91,2.47,KE,1705824637
142,qarqaraly,49.4058,75.4742,262.92,83,6,1.31,KZ,1705824637
143,constantia,44.1833,28.65,269.53,75,5,4.79,RO,1705824622
144,zuyevka,58.405,51.1335,267.06,96,100,4.37,RU,1705824638
145,vorgashor,67.5833,63.95,254.97,99,100,4.02,RU,1705824638
146,marataizes,-21.0433,-40.8244,297.15,94,100,1.68,BR,1705824639
147,hamilton,39.1834,-84.5333,260.89,79,0,3.58,US,1705824610
148,karbala,32.616,44.0249,291.51,36,62,2.5,IQ,1705824640
149,vakarai,55.6035,23.8213,268.44,91,99,3.68,LT,1705824640
150,curup,-3.4667,102.5333,301.45,56,52,2.53,ID,1705824641
151,forster,-32.1667,152.5167,300.71,72,24,3.77,AU,1705824641
152,chamical,-30.36,-66.314,294.73,47,21,2.89,AR,1705824642
153,east london,-33.0153,27.9116,299.63,59,1,4.05,ZA,1705824642
154,choyr,46.3611,108.3611,248.69,90,12,1.76,MN,1705824643
155,sechura,-5.5569,-80.8222,297.09,78,53,4.51,PE,1705824643
156,kailua-kona,19.6406,-155.9956,297.13,91,100,3.6,US,1705824400
157,praia,14.9215,-23.5087,295.45,68,40,7.2,CV,1705824644
158,tongchuan,35.0806,109.0897,270.48,41,89,4.19,CN,1705824644
159,kijang,35.2442,129.2139,280.71,79,100,5.21,KR,1705824625
160,ribeira grande,38.5167,-28.7,291.37,94,75,8.75,PT,1705824618
161,lorengau,-2.0226,147.2712,302.14,74,61,2.68,PG,1705824645
162,buchanan,5.8808,-10.0467,299.01,86,14,0.94,LR,1705824645
163,las tablas,7.7667,-80.2833,298.87,83,37,6.91,PA,1705824646
164,morondava,-20.2833,44.2833,303.55,66,82,5.84,MG,1705824646
165,yellowknife,62.456,-114.3525,245.03,97,62,3.57,CA,1705824646
166,camayenne,9.535,-13.6878,299.43,74,100,2.18,GN,1705824647
167,keflavik,64.0049,-22.5624,273.39,93,40,1.54,IS,1705824647
168,lebu,-37.6167,-73.65,286.18,89,5,8.28,CL,1705824614
169,vernon,50.2581,-119.2691,271.35,99,100,0.19,CA,1705824648
170,rajapolah,-7.221,108.1896,302.9,60,81,1.86,ID,1705824648
171,lujan,-34.5703,-59.105,293.12,99,0,2.33,AR,1705824468
172,deltebre,40.7499,0.7868,281.73,75,50,1.93,ES,1705824649
173,zhezqazghan,47.7833,67.7667,257.47,78,0,5.0,KZ,1705824649
174,lata,40.1629,-8.3327,275.97,85,68,2.07,PT,1705824649
175,cabo san lucas,22.8909,-109.9124,295.66,81,98,4.47,MX,1705824650
176,olinda,-8.0089,-34.8553,299.0,89,40,0.0,BR,1705824650
177,qarazhal,48.0078,70.7903,264.83,81,5,2.59,KZ,1705824650
178,touros,-5.1989,-35.4608,299.32,80,8,3.38,BR,1705824640
179,navasota,30.388,-96.0877,278.17,45,100,4.2,US,1705824602
180,waddan,29.1614,16.139,287.1,78,95,6.39,LY,1705824651
181,tazovsky,67.4667,78.7,264.19,94,100,4.65,RU,1705824647
182,saint-felicien,48.6501,-72.4491,254.82,87,8,4.34,CA,1705824652
183,aldama,22.9167,-98.0667,285.09,62,100,0.95,MX,1705824652
184,port elizabeth,-33.918,25.5701,302.09,84,40,9.26,ZA,1705824653
185,kodoli,16.8833,74.2,304.15,29,2,2.9,IN,1705824653
186,tanjungtiram,4.0613,98.3699,303.56,61,30,4.19,ID,1705824654
187,nguigmi,14.2495,13.1092,295.14,19,0,5.96,NE,1705824654
188,baragua,21.6967,-78.6328,294.89,90,22,4.23,CU,1705824654
189,yeppoon,-23.1333,150.7333,304.03,81,100,5.15,AU,1705824655
190,horta,38.5333,-28.6333,290.95,94,75,8.75,PT,1705824655
191,uturoa,-16.7333,-151.4333,299.27,82,100,4.97,PF,1705824636
192,camargo,27.6667,-105.1667,285.18,42,83,4.4,MX,1705824656
193,nkoteng,4.5167,12.0333,299.15,59,19,0.82,CM,1705824656
194,rawdon,46.0501,-73.7159,254.12,89,18,2.88,CA,1705824657
195,kurchatov,51.6601,35.6521,265.38,94,100,1.76,RU,1705824657
196,remire-montjoly,4.9167,-52.2667,299.17,89,75,1.54,GF,1705824657
197,ingeniero jacobacci,-41.3427,-69.5448,290.14,22,0,0.87,AR,1705824658
198,divo,5.8397,-5.36,298.81,81,5,0.68,CI,1705824658
199,jincheng,35.5022,112.8328,269.56,38,23,8.01,CN,1705824659
200,weyburn,49.6668,-103.8511,258.22,97,89,1.27,CA,1705824539
201,harper,4.375,-7.7169,299.85,84,10,1.33,LR,1705824659
202,nar'yan-mar,67.6713,53.087,256.54,97,55,5.36,RU,1705824660
203,parauapebas,-6.0675,-49.9022,296.22,92,56,0.76,BR,1705824660
204,uacu cungo,-11.3634,15.1208,294.5,82,45,0.8,AO,1705824660
205,mahanoro,-19.9,48.8,301.99,70,98,3.85,MG,1705824661
206,fale old settlement,-9.3852,-171.2468,302.66,71,43,5.17,TK,1705824661
207,namtsy,62.7161,129.6658,227.23,100,99,0.94,RU,1705824661
208,xilin hot,43.9667,116.0333,252.35,88,87,3.47,CN,1705824662
209,la puebla de montalban,39.863,-4.3592,280.66,85,49,0.79,ES,1705824662
210,quinte west,44.1834,-77.5662,260.6,80,9,4.1,CA,1705824662
211,porcuna,37.871,-4.185,280.88,80,14,0.72,ES,1705824663
212,salinopolis,-0.6136,-47.3561,299.18,87,11,4.13,BR,1705824663
213,port lincoln,-34.7333,135.8667,292.21,65,0,8.15,AU,1705824663
214,puerto madryn,-42.7692,-65.0385,290.16,80,20,2.82,AR,1705824664
215,makoua,0.0069,15.6333,303.69,48,12,2.15,CG,1705824664
216,asilah,35.465,-6.0348,284.13,84,0,4.68,MA,1705824665
217,martuk,50.7475,56.5056,268.43,79,91,8.25,KZ,1705824665
218,talnakh,69.4865,88.3972,259.38,96,100,4.71,RU,1705824631
219,les cayes,18.2,-73.75,296.22,85,4,3.32,HT,1705824666
220,peace river,56.2501,-117.286,258.51,95,100,3.76,CA,1705824666
221,kibre mengist,5.8833,38.9833,299.06,27,83,3.83,ET,1705824667
222,hailar,49.2,119.7,243.4,96,29,1.21,CN,1705824667
223,tolanaro,-25.0319,46.9987,298.12,86,100,5.15,MG,1705824667
224,aykhal,66.0,111.5,257.5,92,100,8.21,RU,1705824668
225,sodra sandby,56.5667,16.6167,274.76,92,100,8.67,SE,1705824668
226,leava,-14.3,-178.1667,302.24,72,100,0.53,WF,1705824668
227,fort bragg,35.139,-79.006,267.15,48,0,3.6,US,1705824655
228,nova sintra,14.8667,-24.7167,293.5,65,75,7.29,CV,1705824669
229,zheshart,62.0731,49.5733,256.29,96,100,1.71,RU,1705824669
230,naze,28.3667,129.4833,290.75,70,56,5.42,JP,1705824644
231,pirae,-17.5167,-149.5333,296.16,94,100,2.06,PF,1705824670
232,ryotsu-minato,38.0833,138.4333,282.04,94,100,3.48,JP,1705824671
233,dickinson,29.4608,-95.0513,279.35,58,100,5.66,US,1705824671
234,nabire,-3.3667,135.4833,301.03,84,87,1.91,ID,1705824671
235,xinyuan,37.3,99.0,265.5,12,0,4.72,CN,1705824672
236,butembo,0.15,29.2833,297.63,30,97,2.43,CD,1705824672
237,chernyshevskiy,63.0128,112.4714,253.86,90,100,4.44,RU,1705824103
238,saint-philippe,-21.3585,55.7679,302.92,86,89,3.03,RE,1705824086
239,mount pearl,47.5166,-52.7813,270.22,94,100,3.6,CA,1705824673
240,katsuura,35.1333,140.3,285.72,81,100,6.04,JP,1705824673
241,rehoboth,-23.3167,17.0833,301.13,29,38,1.19,NA,1705824674
242,youghal,51.95,-7.8506,283.71,100,100,13.24,IE,1705824674
243,vorkuta,67.5,64.0,255.74,99,100,3.98,RU,1705824674
244,lastoursville,-0.8143,12.7287,301.82,63,14,1.05,GA,1705824675
245,akureyri,65.6835,-18.0878,263.68,91,48,2.66,IS,1705824675
246,maughold,54.2988,-4.3184,281.72,80,100,10.97,IM,1705824676
247,hithadhoo,-0.6,73.0833,301.41,72,23,4.94,MV,1705824676
248,saint pete beach,27.7253,-82.7412,279.27,60,54,2.24,US,1705824677
249,san juan,-31.5375,-68.5364,297.68,53,13,2.23,AR,1705824623
250,san-pedro,4.7485,-6.6363,299.86,85,5,1.25,CI,1705824677
251,taltal,-25.4,-70.4833,292.43,84,92,0.66,CL,1705824678
252,coachella,33.6803,-116.1739,286.82,77,20,1.54,US,1705824678
253,port shepstone,-30.7414,30.455,297.12,71,0,9.62,ZA,1705824679
254,yarmouth,41.7057,-70.2286,268.13,84,100,10.28,US,1705824679
255,ashburton,-37.8626,145.0794,293.62,61,10,1.34,AU,1705824679
256,whitehorse,60.7161,-135.0538,243.99,100,98,1.39,CA,1705824620
257,coquimbo,-29.9533,-71.3436,290.37,87,34,1.0,CL,1705824680
258,hluti,-27.2167,31.6167,298.27,51,0,1.63,SZ,1705824680
259,melilla,35.2937,-2.9383,287.36,77,75,4.63,ES,1705824681
260,nadi,-17.8,177.4167,300.15,83,75,2.57,FJ,1705824681
261,mount gambier,-37.8333,140.7667,291.31,61,9,4.84,AU,1705824682
262,homer,59.6425,-151.5483,269.08,62,0,2.06,US,1705824682
263,bom jesus,-9.0744,-44.3586,295.67,87,2,0.82,BR,1705824683
264,san luis de la loma,17.2706,-100.8939,298.24,68,86,1.69,MX,1705824683
265,bereeda,11.8704,51.0579,299.45,63,72,7.99,SO,1705824683
266,kiunga,-6.1219,141.2906,299.75,95,100,1.57,PG,1705824684
267,pisco,-13.7,-76.2167,294.18,94,100,3.6,PE,1705824684
268,minas de marcona,-15.2119,-75.1103,291.83,88,100,1.95,PE,1705824685
269,mangai,-4.05,19.5333,302.54,56,67,2.23,CD,1705824685
270,tucuma,-0.1833,-50.05,297.67,94,25,2.31,BR,1705824685
271,ta`u,-14.2336,-169.5144,301.98,74,100,2.67,AS,1705824686
272,kodiak,57.79,-152.4072,273.88,100,100,2.06,US,1705824658
273,beibei,29.8256,106.4339,282.8,86,100,2.65,CN,1705824686
274,louis trichardt,-23.0439,29.9032,297.96,45,0,1.17,ZA,1705824687
275,badger,64.8,-147.5333,250.1,70,0,3.6,US,1705824653
276,itoman,26.1247,127.6694,293.36,73,75,10.29,JP,1705824688
277,komarichi,52.4151,34.7905,263.81,95,99,1.73,RU,1705824688
278,gondia,21.45,80.2,301.15,38,90,3.24,IN,1705824689
279,ampanihy,-24.7,44.75,302.61,55,69,4.92,MG,1705824689
280,kurumkan,54.3,110.3,251.0,90,100,0.45,RU,1705824689
281,tezu,27.9167,96.1667,296.71,29,2,1.78,IN,1705824690
282,redencao,-4.2258,-38.7306,297.69,91,67,0.98,BR,1705824690
283,general jose de san martin,-26.5374,-59.3416,295.52,76,84,2.47,AR,1705824691
284,saldanha,-33.0117,17.9442,297.18,82,50,3.81,ZA,1705824691
285,krasne,49.9145,24.6134,271.03,91,45,4.37,UA,1705824691
286,kutum,14.2,24.6667,291.96,13,0,5.08,SD,1705824692
287,hpa-an,16.8906,97.6333,305.15,21,37,3.35,MM,1705824692
288,labe,11.3182,-12.2833,292.09,37,7,0.49,GN,1705824692
289,tobruk,32.0836,23.9764,290.45,57,0,7.3,LY,1705824693
290,lewistown,40.5992,-77.5714,268.08,83,100,4.12,US,1705824693
291,saipan,15.1355,145.701,299.54,61,0,9.26,MP,1705824674
292,hillvue,-31.1244,150.915,310.1,28,40,5.14,AU,1705824694
293,pieksamaki,62.3,27.1333,262.42,92,100,4.78,FI,1705824695
294,port moresby,-9.4431,147.1797,303.83,62,75,5.14,PG,1705824695
295,ilulissat,69.2167,-51.1,254.16,65,97,9.77,GL,1705824631
296,fort-shevchenko,44.5086,50.263,279.76,85,14,1.17,KZ,1705824695
297,gaspe,48.8334,-64.4819,270.1,96,99,2.64,CA,1705824696
298,colonia,50.9333,6.95,275.52,74,0,3.6,DE,1705824696
299,kayangel,8.0823,134.7173,301.17,77,55,10.34,PW,1705824696
300,barrouallie,13.2333,-61.2667,297.8,77,7,7.03,VC,1705824697
301,siddipet,18.1,78.85,303.05,34,16,3.88,IN,1705824697
302,yengema,8.7167,-11.1667,294.35,93,29,0.48,SL,1705824697
303,taghazout,30.5426,-9.7112,281.58,66,0,0.54,MA,1705824698
304,chok chai,14.7284,102.1652,307.89,53,84,1.25,TH,1705824519
305,rimouski,48.4488,-68.524,263.9,89,100,2.89,CA,1705824568
306,derzhavinsk,51.1,66.3167,263.35,85,100,4.29,KZ,1705824699
307,saint george's,12.0564,-61.7485,299.1,79,13,8.41,GD,1705824699
308,bontang,0.1333,117.5,300.34,83,100,4.55,ID,1705824700
309,bayganin,48.6947,55.8742,269.88,85,100,8.64,KZ,1705824700
310,birao,10.2849,22.7882,297.94,11,3,5.2,CF,1705824700
311,vila franca do campo,37.7167,-25.4333,291.42,99,83,6.86,PT,1705824611
312,limon,10.0,-83.0333,296.51,84,41,1.68,CR,1705824701
313,palikir - national government center,6.9248,158.1611,298.56,94,100,10.86,FM,1705824642
314,weinan,34.5036,109.5089,272.88,37,100,5.86,CN,1705824702
315,northam,51.0333,-4.2167,285.18,91,100,10.11,GB,1705824624
316,nueva villa de padilla,24.0167,-98.7833,283.29,53,100,1.22,MX,1705824702
317,masterton,-40.9597,175.6575,294.2,92,64,1.32,NZ,1705824703
318,utrik,11.2278,169.8474,299.67,79,84,9.01,MH,1705824623
319,jeju city,33.5097,126.5219,280.89,88,100,6.97,KR,1705824703
320,san patricio,28.017,-97.5169,282.12,60,100,4.71,US,1705824622
321,manzanillo,20.3433,-77.1167,294.55,83,0,3.79,CU,1705824704
322,holualoa,19.6228,-155.9522,295.06,92,100,3.6,US,1705824635
323,kiruna,67.8557,20.2251,244.66,76,100,0.0,SE,1705824705
324,launceston,-41.45,147.1667,294.15,63,100,6.69,AU,1705824705
325,oranjemund,-28.55,16.4333,293.74,76,9,5.22,NA,1705824705
326,manado,1.487,124.8455,298.58,94,40,0.51,ID,1705824706
327,murghob,38.1702,73.9667,261.96,49,0,1.76,TJ,1705824706
328,trail,49.0998,-117.7022,277.0,99,100,0.66,CA,1705824476
329,romankivtsi,48.4847,27.2138,271.75,85,100,7.74,UA,1705824707
330,itambe,-15.245,-40.6244,294.35,96,97,0.73,BR,1705824707
331,presidente epitacio,-21.7633,-52.1156,295.62,92,100,1.83,BR,1705824475
332,paraiso,9.8383,-83.8656,292.63,93,50,2.07,CR,1705824484
333,kresttsy,58.2452,32.5165,251.33,100,100,1.16,RU,1705824709
334,laguna,38.421,-121.4238,285.24,94,100,4.12,US,1705824124
335,san miguel,13.4833,-88.1833,296.81,68,26,1.6,SV,1705824709
336,velyka oleksandrivka,47.3197,33.3037,272.12,85,100,5.72,UA,1705824710
337,ulaangom,49.9811,92.0667,246.52,95,94,1.18,MN,1705824710
338,carnarvon,-24.8667,113.6333,301.04,64,10,12.29,AU,1705824700
339,trincomalee,8.5711,81.2335,300.07,75,7,4.04,LK,1705824711
340,uray,60.1247,64.7758,269.75,95,100,4.92,RU,1705824702
341,zaragoza,41.6561,-0.8773,274.27,76,0,2.24,ES,1705824711
342,hammerfest,70.6634,23.6821,264.4,86,100,0.0,NO,1705824711
343,douz,33.4663,9.0203,286.9,77,91,7.11,TN,1705824712
344,correntina,-13.3433,-44.6367,295.11,81,100,1.57,BR,1705824712
345,rudbar,30.15,62.6,289.96,22,100,0.32,AF,1705824712
346,beyneu,45.3167,55.2,274.95,70,100,8.85,KZ,1705824713
347,tasqala,51.1167,50.3167,270.98,97,100,5.88,KZ,1705824713
348,saudarkrokur,65.7461,-19.6394,268.26,95,100,1.4,IS,1705824714
349,rongelap,11.1635,166.8941,299.66,78,92,10.01,MH,1705824630
350,lagos,6.5833,3.75,300.67,76,4,1.63,NG,1705824569
351,tikhoretsk,45.8547,40.1253,271.65,90,100,2.59,RU,1705824715
352,trinidad,-14.8333,-64.9,297.57,92,100,1.51,BO,1705824715
353,san antonio de pale,-1.4014,5.6325,300.38,78,18,1.72,GQ,1705824638
354,great falls,47.5002,-111.3008,280.05,65,100,7.2,US,1705824716
355,mawlaik,23.6333,94.4167,300.7,25,8,1.0,MM,1705824716
356,dunkwa,5.9656,-1.78,299.72,85,31,0.85,GH,1705824717
357,adigrat,14.277,39.462,289.37,53,97,1.43,ET,1705824717
358,college,64.8569,-147.8028,250.14,64,0,3.6,US,1705824534
359,gaiman,-43.2897,-65.4929,289.12,67,0,2.21,AR,1705824718
360,aldinga beach,-35.2793,138.4604,298.39,60,0,7.89,AU,1705824718
361,crucecita,-28.95,-58.9833,292.72,90,0,3.23,AR,1705824718
362,sikonge,-5.6333,32.7667,292.08,94,100,3.14,TZ,1705824719
363,khoyniki,51.8911,29.9552,267.38,95,62,3.62,BY,1705824719
364,aasiaat,68.7098,-52.8699,246.97,98,95,3.88,GL,1705824680
365,torit,4.4133,32.5678,305.96,18,22,2.37,SS,1705824720
366,mahina,-17.5065,-149.489,296.02,94,100,2.06,PF,1705824720
367,vadso,70.0744,29.7487,262.24,79,100,4.63,NO,1705824642
368,naberera,-4.2,36.9333,294.78,73,100,2.95,TZ,1705824721
369,namibe,-15.1961,12.1522,296.74,70,30,2.66,AO,1705824721
370,soio,-6.1349,12.3689,300.59,69,92,2.71,AO,1705824714
371,sitka,57.0531,-135.33,274.09,86,75,1.54,US,1705824636
372,razdol'noye,45.7708,33.4878,274.63,56,0,1.93,UA,1705824722
373,urengoy,65.9667,78.3667,266.35,94,100,5.88,RU,1705824723
374,tura,25.5198,90.2201,295.01,30,4,2.55,IN,1705824659
375,tank,32.2217,70.3793,293.96,14,0,1.01,PK,1705824723
376,sisimiut,66.9395,-53.6735,253.87,86,30,7.28,GL,1705824724
377,rawson,-43.3002,-65.1023,289.49,78,0,3.13,AR,1705824532
378,warmbad,-28.45,18.7333,302.42,27,5,0.67,NA,1705824724
379,essaouira,31.5125,-9.77,285.87,76,0,4.63,MA,1705824725
380,tarakan,3.3,117.6333,303.87,70,75,1.54,ID,1705824725
381,primero de enero,21.9469,-78.4283,295.27,87,49,4.93,CU,1705824725
382,salalah,17.0151,54.0924,302.2,20,0,6.69,OM,1705824726
383,malacacheta,-17.8422,-42.0767,293.03,96,100,0.09,BR,1705824726
384,georgetown,5.4112,100.3354,305.11,58,20,3.09,MY,1705824454
385,pekanbaru,0.5333,101.45,305.33,58,40,2.06,ID,1705824727
386,as sulayyil,20.4607,45.5779,294.29,24,5,5.36,SA,1705824728
387,cole harbour,44.6724,-63.4751,270.86,91,100,3.13,CA,1705824728
388,antsiranana,-12.2787,49.2917,298.45,94,100,8.65,MG,1705824728
389,grand falls-windsor,48.9332,-55.6649,266.21,91,93,0.86,CA,1705824698
390,puerto baquerizo moreno,-0.9,-89.6,297.78,91,38,2.67,EC,1705824729
391,freetown,8.484,-13.2299,298.7,83,13,1.02,SL,1705824729
392,loudun,47.0079,0.083,275.95,75,100,6.72,FR,1705824730
393,turpan,42.9333,89.1667,274.24,50,49,2.04,CN,1705824730
394,es castell,39.8795,4.2854,280.53,70,75,3.09,ES,1705824730
395,karaton,-6.3424,106.1045,302.18,69,40,4.1,ID,1705824731
396,palmer,42.1584,-72.3287,262.94,61,0,4.12,US,1705824731
397,dzuunharaa,48.8523,106.4579,254.53,90,97,0.12,MN,1705824731
398,crane,31.3974,-102.3501,273.72,44,100,7.89,US,1705824632
399,brisas de zicatela,15.8369,-97.0419,298.28,65,100,1.67,MX,1705824732
400,chibougamau,49.9168,-74.3659,253.94,84,100,4.12,CA,1705824676
401,maracas,-13.4411,-40.4308,291.3,94,92,0.93,BR,1705824733
402,desoto,32.5899,-96.8569,274.1,53,100,5.66,US,1705824601
403,yamoussoukro,6.8206,-5.2767,296.96,94,0,0.87,CI,1705824733
404,quelimane,-17.8786,36.8883,299.12,89,75,4.63,MZ,1705824734
405,tsiombe,-25.3,45.4833,299.74,70,100,7.15,MG,1705824734
406,bardai,11.65,7.2333,293.77,14,0,6.47,NG,1705824735
407,chonchi,-42.6128,-73.8092,284.71,96,14,2.32,CL,1705824690
408,island harbour,50.724,-1.2758,284.19,93,100,4.92,GB,1705824736
409,phalaborwa,-23.943,31.1411,300.82,42,0,0.94,ZA,1705824736
410,byron bay,-28.65,153.6167,299.66,77,8,6.28,AU,1705824736
411,caleta de carquin,-11.0925,-77.6267,295.46,87,100,2.77,PE,1705824724
412,kuching,1.55,110.3333,304.27,75,40,1.54,MY,1705824654
413,easton,40.6884,-75.2207,267.47,61,20,7.2,US,1705824737
414,kirakira,-10.4544,161.9205,299.96,89,100,3.56,SB,1705824738
415,katsuren-haebaru,26.3369,127.8719,293.36,64,100,4.12,JP,1705824738
416,mirny,62.5353,113.9611,254.39,84,100,5.81,RU,1705824739
417,acapulco de juarez,16.8634,-99.8901,299.05,94,75,2.06,MX,1705824739
418,alofi,-19.0595,-169.9187,299.77,85,100,6.05,NU,1705824646
419,mangrol,21.1167,70.1167,299.94,27,19,1.53,IN,1705824740
420,coron,11.9986,120.2043,303.01,60,98,0.76,PH,1705824740
421,arkhangel'sk,64.5401,40.5433,254.21,78,75,1.0,RU,1705824708
422,tyup,42.7276,78.3648,270.09,77,100,1.97,KG,1705824741
423,pangody,65.85,74.4859,266.39,96,100,4.23,RU,1705824741
424,kosh-agach,50.0,88.6667,252.76,74,4,0.45,RU,1705824741
425,wum,6.3833,10.0667,298.74,15,75,0.64,CM,1705824742
426,sao gabriel da cachoeira,-0.1303,-67.0892,296.41,90,53,0.46,BR,1705824625
427,albertina,-22.2008,-46.6158,291.2,98,98,1.12,BR,1705824742
428,xam nua,20.4197,104.0439,295.14,57,74,1.75,LA,1705824743
429,mont-dore,-22.2833,166.5833,300.14,80,100,2.18,NC,1705824743
430,khairpur,27.5295,68.7617,285.15,14,43,0.63,PK,1705824743
431,bodo,67.28,14.405,271.73,64,75,13.38,NO,1705824649
432,ceeldheer,3.8488,47.1806,303.53,48,30,13.43,SO,1705824744
433,igarka,67.4667,86.5833,261.87,95,100,8.35,RU,1705824731
434,port macquarie,-31.4333,152.9167,301.42,74,27,3.18,AU,1705824745
435,charters towers,-20.1,146.2667,304.95,45,100,2.58,AU,1705824745
436,gloria,12.9833,121.4667,299.96,78,98,5.03,PH,1705824746
437,echuca,-36.1333,144.75,297.57,49,0,1.34,AU,1705824746
438,kerikeri,-35.2268,173.9474,296.43,82,21,3.84,NZ,1705824734
439,zouerate,22.7187,-12.4521,290.09,14,0,4.13,MR,1705824747
440,leticia,-4.2153,-69.9406,298.18,100,20,0.0,CO,1705824747
441,tatarbunary,45.8373,29.6142,274.97,53,20,3.84,UA,1705824747
442,tamanrasset,22.785,5.5228,292.37,6,100,1.77,DZ,1705824625
443,westport,41.1415,-73.3579,266.9,66,0,4.12,US,1705824617
444,nuku'alofa,-21.1333,-175.2,300.34,100,40,1.03,TO,1705824744
445,sao vicente,-23.9631,-46.3919,298.86,26,100,0.89,BR,1705824474
446,broad ripple,39.8667,-86.1417,258.12,83,0,1.54,US,1705824749
447,atchison,39.563,-95.1216,260.1,74,30,3.55,US,1705824750
448,nikolayevsk-on-amure,53.1406,140.73,246.4,96,51,0.44,RU,1705824750
449,kinston,35.2627,-77.5816,267.33,49,0,2.06,US,1705824730
450,coromandel,-18.4733,-47.2003,292.72,90,100,1.1,BR,1705824751
451,porto novo,6.4965,2.6036,301.15,75,8,1.17,BJ,1705824709
452,tshikapa,-6.4167,20.8,300.87,67,80,1.86,CD,1705824751
453,pogradec,40.9025,20.6525,272.15,88,94,3.48,AL,1705824752
454,gautier,30.3858,-88.6117,272.2,55,0,3.6,US,1705824752
455,acarau,-2.8856,-40.12,299.2,86,8,3.7,BR,1705824532
456,glendive,47.1053,-104.7125,267.94,86,100,3.6,US,1705824753
457,keila,59.3036,24.4131,269.84,75,75,6.17,EE,1705824753
458,revda,56.801,59.9303,269.77,77,97,3.78,RU,1705824753
459,luau,-10.7073,22.2247,295.88,80,98,1.66,AO,1705824754
460,ha'il,27.5219,41.6907,290.16,42,0,5.14,SA,1705824609
461,vuktyl,63.8567,57.3094,258.21,98,100,0.89,RU,1705824754
462,sinabang,2.4803,96.3801,301.73,74,42,1.41,ID,1705824755
463,mitsamiouli,-11.3847,43.2844,299.66,86,100,11.06,KM,1705824755
464,barabai,-2.5833,115.3833,300.63,86,100,0.64,ID,1705824756
465,princeville,45.7668,-61.2985,272.21,96,100,0.0,CA,1705824756
466,kattivakkam,13.2167,80.3167,303.2,59,9,3.91,IN,1705824756
467,jurm,36.8648,70.8342,282.55,23,0,0.74,AF,1705824757
468,callao,-12.0667,-77.15,296.88,88,75,4.63,PE,1705824757
469,kismayo,-0.3582,42.5454,302.38,64,37,9.94,SO,1705824757
470,luanda,-8.8368,13.2343,298.64,72,100,1.57,AO,1705824483
471,new plymouth,-39.0667,174.0833,295.82,90,2,1.92,NZ,1705824727
472,ust'-ilimsk,58.0006,102.6619,255.62,84,28,1.79,RU,1705824758
473,midvagur,62.0511,-7.1939,276.61,81,75,8.23,FO,1705824621
474,kapa'a,22.0752,-159.319,297.14,87,100,2.57,US,1705824759
475,tofol,5.3248,163.0078,300.98,82,100,7.27,FM,1705824629
476,broken hill,-31.95,141.4333,304.75,21,0,7.24,AU,1705824672
477,quellon,-43.1167,-73.6167,283.93,94,14,3.86,CL,1705824682
478,khash,28.2211,61.2158,287.16,26,100,2.33,IR,1705824760
479,buckhannon,38.994,-80.232,262.64,87,100,3.09,US,1705824761
480,ixtapa,20.7,-105.2,295.5,86,6,1.57,MX,1705824761
481,gbadolite,4.2833,21.0167,302.57,17,58,2.79,CD,1705824762
482,kabalo,-6.05,26.9167,293.88,99,100,1.58,CD,1705824762
483,yashan,22.1975,109.9419,293.21,54,99,3.03,CN,1705824762
484,arvayheer,46.2639,102.775,259.25,50,96,1.24,MN,1705824763
485,gisborne,-38.6533,178.0042,293.03,92,100,4.03,NZ,1705824763
486,cape coast,5.1053,-1.2466,301.01,81,11,1.84,GH,1705824763
487,yuzhno-kurilsk,44.0306,145.8556,267.8,56,100,3.93,RU,1705824764
488,saint-joseph,-21.3667,55.6167,301.36,85,84,3.18,RE,1705824764
489,porto murtinho,-21.6989,-57.8825,298.41,79,96,1.99,BR,1705824765
490,mugumu,-1.85,34.7,291.7,86,100,1.09,TZ,1705824765
491,illizi,26.4833,8.4667,290.91,9,100,1.96,DZ,1705824765
492,natal,-5.795,-35.2094,297.51,94,20,0.51,BR,1705824766
493,port douglas,-16.4833,145.4667,300.45,85,100,0.92,AU,1705824410
494,hilo,19.7297,-155.09,294.4,90,0,2.06,US,1705824766
495,cold springs,39.6802,-119.9766,279.24,77,100,0.0,US,1705824767
496,okakarara,-20.5833,17.4333,299.9,41,6,2.66,NA,1705824767
497,manokwari,-0.8667,134.0833,299.91,85,99,2.39,ID,1705824767
498,brokopondo,4.75,-55.1667,296.8,92,36,3.56,SR,1705824768
499,isangel,-19.55,169.2667,301.68,77,66,1.56,VU,1705824768
500,flin flon,54.7682,-101.865,254.11,100,100,1.39,CA,1705824768
501,hoemul-li,41.4339,129.67,267.96,90,100,2.61,KP,1705824769
502,tamala,52.541,43.2515,260.65,91,21,4.59,RU,1705824769
503,xining,36.6167,101.7667,266.25,42,29,2.44,CN,1705824769
504,karachi,24.9056,67.0822,299.05,38,3,3.09,PK,1705824770
505,gunjur,13.2019,-16.7339,294.19,83,0,3.09,GM,1705824770
506,wickenburg,33.9686,-112.7296,285.06,53,100,1.79,US,1705824771
507,huelma,37.6713,-3.39,277.68,86,19,0.3,ES,1705824771
508,groveland,28.5581,-81.8512,278.16,59,61,5.15,US,1705824771
509,labasa,-16.4167,179.3833,300.55,84,100,1.33,FJ,1705824772
510,beledweyne,4.7358,45.2036,305.22,26,71,9.86,SO,1705824772
511,rasulabad,26.75,80.4833,284.12,33,0,3.49,IN,1705824772
512,argo,37.6333,22.7333,280.68,82,100,6.2,GR,1705824773
513,as-suwayda,32.709,36.5695,288.74,33,100,6.67,SY,1705824773
514,carutapera,-1.195,-46.02,298.27,92,23,2.75,BR,1705824728
515,castillos,-34.1667,-53.8333,290.32,74,0,2.51,UY,1705824774
516,gebeit,21.0667,36.3167,296.41,44,0,3.56,SD,1705824774
517,trairi,-3.2778,-39.2689,298.93,87,6,2.84,BR,1705824679
518,mikhaylovsk,45.1283,42.0256,270.27,93,100,4.02,RU,1705824775
519,oleiros,43.3333,-8.3167,284.07,89,40,6.71,ES,1705824775
520,inari,68.906,27.0288,250.26,99,74,2.14,FI,1705824776
521,st. john's,47.5649,-52.7093,270.68,94,100,3.6,CA,1705824736
522,ilha de mocambique,-15.0342,40.7358,301.67,71,100,5.79,MZ,1705824776
523,whakatane,-37.9585,176.9854,296.21,90,100,1.79,NZ,1705824777
524,manta,-0.95,-80.7333,299.82,83,100,3.58,EC,1705824777
525,praia da vitoria,38.7333,-27.0667,291.35,96,100,9.98,PT,1705824635
526,dzuunmod,48.2199,97.3744,256.95,79,76,0.93,MN,1705824778
527,l'govskiy,51.6307,35.2775,265.61,93,100,2.44,RU,1705824778
528,anguera,-12.151,-39.2453,295.79,91,2,1.26,BR,1705824778
529,nsanje,-16.92,35.262,298.85,77,99,3.17,MW,1705824779
530,tommot,58.9564,126.2925,252.28,94,100,2.97,RU,1705824740
531,puerto lempira,15.2667,-83.7667,297.45,83,0,3.27,HN,1705824652
532,sajir,25.1825,44.5996,292.66,29,0,3.88,SA,1705824779
533,skelleftea,64.7507,20.9528,264.35,100,75,0.0,SE,1705824780
534,shimoda,34.6667,138.95,284.87,85,90,7.17,JP,1705824659
535,kyneton,-37.25,144.4333,289.95,72,17,4.02,AU,1705824496
536,fortuna,40.5982,-124.1573,285.74,94,100,8.75,US,1705824781
537,bogatyye saby,56.0102,50.4483,268.13,96,100,4.0,RU,1705824781
538,balikpapan,-1.2675,116.8289,299.7,83,20,1.54,ID,1705824781
539,escarcega,18.6089,-90.7454,293.63,98,100,2.52,MX,1705824782
540,newman,37.3138,-121.0208,284.42,94,100,2.68,US,1705824658
541,tome acu,-2.4189,-48.1522,295.84,100,100,0.71,BR,1705824782
542,fish town,5.1964,-7.8756,297.3,90,20,0.29,LR,1705824783
543,belur,13.1667,75.8667,302.15,36,8,1.79,IN,1705824783
544,mo i rana,66.3128,14.1428,270.41,86,100,5.66,NO,1705824783
545,dinghaicun,26.2847,119.7936,284.36,81,100,7.22,CN,1705824784
546,pimentel,-6.8367,-79.9342,296.31,78,20,6.69,PE,1705824784
547,san jeronimo,-11.9472,-75.2829,282.88,84,100,1.21,PE,1705824784
548,geiro,-6.15,36.8667,291.34,97,100,1.06,TZ,1705824785
549,kayyerkan,69.3786,87.7439,259.43,84,100,9.9,RU,1705824785
550,lagoa,39.05,-27.9833,290.36,90,100,15.58,PT,1705824786
551,kalibo (poblacion),11.7061,122.3644,299.36,78,94,2.55,PH,1705824786
552,ormara,25.2088,64.6357,296.01,62,28,3.38,PK,1705824786
553,mirnyy,62.5353,113.9611,254.39,84,100,5.81,RU,1705824518
554,kargat,55.1956,80.2811,258.2,85,7,2.14,RU,1705824787
555,limbdi,22.5667,71.8,299.83,19,96,3.92,IN,1705824787
556,mili,6.0815,171.735,301.11,80,92,8.27,MH,1705824788
557,dunedin,-45.8742,170.5036,289.71,78,100,4.02,NZ,1705824602
558,daman,20.4167,72.85,300.02,41,97,5.32,IN,1705824788
559,broome,42.2506,-75.833,264.1,85,100,3.6,US,1705824634
560,santa maria,-29.6842,-53.8069,291.22,97,71,2.52,BR,1705824508
561,namsos,64.4662,11.4957,275.18,68,100,5.14,NO,1705824789
562,metropolis,37.1512,-88.732,260.1,85,0,0.0,US,1705824790
563,nago,26.5881,127.9761,294.62,67,99,6.88,JP,1705824790
564,villa gesell,-37.2639,-56.973,288.74,78,0,3.74,AR,1705824737
565,todos santos,23.45,-110.2167,293.32,85,94,2.01,MX,1705824791
566,bahia de kino,28.8333,-111.9333,292.02,48,100,2.46,MX,1705824791
567,palmwoods,-26.6833,152.9667,301.84,89,2,2.19,AU,1705824791
568,bokoro,12.3807,17.0568,297.58,11,0,5.02,TD,1705824792
